<?xml version="1.0" encoding="utf-8"?>
<GraphicalInterface>
  <P Name="NumRootInports">0</P>
  <P Name="NumRootOutports">0</P>
  <P Name="ParameterArgumentNames"/>
  <P Name="NumModelReferences">0</P>
  <P Name="NumTestPointedSignals">0</P>
  <P Name="NumProvidedFunctions">0</P>
  <P Name="NumRequiredFunctions">0</P>
  <P Name="NumResetEvents">0</P>
  <P Name="HasInitializeEvent">0</P>
  <P Name="HasTerminateEvent">0</P>
  <P Name="NumDataStoreReferences">0</P>
  <P Name="PreCompExecutionDomainType">Unset</P>
  <P Name="UseModelRefSolver">0</P>
  <P Name="SolverName">FixedStepDiscrete</P>
  <P Name="IsExportFunctionModel">0</P>
  <P Name="SimulinkSubDomainType">Simulink</P>
  <P Name="NumParameterArguments">0</P>
  <P Name="NumExternalFileReferences">13</P>
  <ExternalFileReference>
    <P Name="Reference">fillib/FPGA-in-the-Loop (FIL)</P>
    <P Name="Path">$bdroot/DNN_Subsystem_FPGA</P>
    <P Name="SID">176</P>
    <P Name="Type">LIBRARY_BLOCK</P>
  </ExternalFileReference>
  <ExternalFileReference>
    <P Name="Reference">neural/Weight Functions/dotprod</P>
    <P Name="Path">$bdroot/Deep Neural Network/Layer 1/IW{1,1}/dotprod1</P>
    <P Name="SID">98</P>
    <P Name="Type">LIBRARY_BLOCK</P>
  </ExternalFileReference>
  <ExternalFileReference>
    <P Name="Reference">neural/Weight Functions/dotprod</P>
    <P Name="Path">$bdroot/Deep Neural Network/Layer 1/IW{1,1}/dotprod2</P>
    <P Name="SID">99</P>
    <P Name="Type">LIBRARY_BLOCK</P>
  </ExternalFileReference>
  <ExternalFileReference>
    <P Name="Reference">neural/Weight Functions/dotprod</P>
    <P Name="Path">$bdroot/Deep Neural Network/Layer 1/IW{1,1}/dotprod3</P>
    <P Name="SID">100</P>
    <P Name="Type">LIBRARY_BLOCK</P>
  </ExternalFileReference>
  <ExternalFileReference>
    <P Name="Reference">neural/Transfer Functions/tansig</P>
    <P Name="Path">$bdroot/Deep Neural Network/Layer 1/tansig</P>
    <P Name="SID">104</P>
    <P Name="Type">LIBRARY_BLOCK</P>
  </ExternalFileReference>
  <ExternalFileReference>
    <P Name="Reference">neural/Weight Functions/dotprod</P>
    <P Name="Path">$bdroot/Deep Neural Network/Layer 2/LW{2,1}/dotprod1</P>
    <P Name="SID">119</P>
    <P Name="Type">LIBRARY_BLOCK</P>
  </ExternalFileReference>
  <ExternalFileReference>
    <P Name="Reference">neural/Weight Functions/dotprod</P>
    <P Name="Path">$bdroot/Deep Neural Network/Layer 2/LW{2,1}/dotprod2</P>
    <P Name="SID">120</P>
    <P Name="Type">LIBRARY_BLOCK</P>
  </ExternalFileReference>
  <ExternalFileReference>
    <P Name="Reference">neural/Weight Functions/dotprod</P>
    <P Name="Path">$bdroot/Deep Neural Network/Layer 2/LW{2,1}/dotprod3</P>
    <P Name="SID">121</P>
    <P Name="Type">LIBRARY_BLOCK</P>
  </ExternalFileReference>
  <ExternalFileReference>
    <P Name="Reference">neural/Weight Functions/dotprod</P>
    <P Name="Path">$bdroot/Deep Neural Network/Layer 2/LW{2,1}/dotprod4</P>
    <P Name="SID">122</P>
    <P Name="Type">LIBRARY_BLOCK</P>
  </ExternalFileReference>
  <ExternalFileReference>
    <P Name="Reference">neural/Transfer Functions/tansig</P>
    <P Name="Path">$bdroot/Deep Neural Network/Layer 2/tansig</P>
    <P Name="SID">126</P>
    <P Name="Type">LIBRARY_BLOCK</P>
  </ExternalFileReference>
  <ExternalFileReference>
    <P Name="Reference">neural/Weight Functions/dotprod</P>
    <P Name="Path">$bdroot/Deep Neural Network/Layer 3/LW{3,2}/dotprod1</P>
    <P Name="SID">138</P>
    <P Name="Type">LIBRARY_BLOCK</P>
  </ExternalFileReference>
  <ExternalFileReference>
    <P Name="Reference">neural/Transfer Functions/logsig</P>
    <P Name="Path">$bdroot/Deep Neural Network/Layer 3/logsig</P>
    <P Name="SID">141</P>
    <P Name="Type">LIBRARY_BLOCK</P>
  </ExternalFileReference>
  <ExternalFileReference>
    <P Name="Reference">dspsrcs4/Signal From
Workspace</P>
    <P Name="Path">$bdroot/Signal From Workspace</P>
    <P Name="SID">77</P>
    <P Name="Type">LIBRARY_BLOCK</P>
  </ExternalFileReference>
  <P Name="OrderedModelArguments">1</P>
</GraphicalInterface>
