<?xml version="1.0" encoding="UTF-8"?>
<sltp_graph version="1.1" packageUris="http://schema.mathworks.com/mf0/sltp_mm/R2023a_202209151115">
  <sltp.mm.core.Context type="sltp.mm.core.Context" uuid="85995221-cb14-4e4c-9f7e-017dd886570b">
    <priorityDirection>HighNumberLast</priorityDirection>
    <unusedTaskIds>1</unusedTaskIds>
    <defaultEventBehavior type="sltp.mm.core.EventBehavior" uuid="18776bb2-bcb2-4d34-86fb-3fe06ab20adf"/>
    <editorState type="sltp.mm.core.EditorState" uuid="1ffb846e-a495-4b6e-9d28-b6bbdd47cee9">
      <isSynchronized>true</isSynchronized>
      <panelState type="sltp.mm.core.EditorPanelState" uuid="8f69b990-73d3-435d-b209-eb18460e6d93"/>
    </editorState>
    <rootTask type="sltp.mm.core.Task" uuid="81f0776c-7535-428f-82ae-1c305634c0bb">
      <context type="sltp.mm.core.Context" uuid="85995221-cb14-4e4c-9f7e-017dd886570b"/>
      <explicit>false</explicit>
      <name>Default</name>
      <priority>-2147483648</priority>
      <subgraph type="sltp.mm.core.Graph" uuid="a91c28e4-a1c0-4226-a73b-962e01ab517b">
        <tasks type="sltp.mm.core.Task" uuid="98fec23a-8756-4077-ae41-3cee2481c338">
          <context type="sltp.mm.core.Context" uuid="85995221-cb14-4e4c-9f7e-017dd886570b"/>
          <explicit>false</explicit>
          <id>2</id>
          <isTimed>true</isTimed>
          <name>D1</name>
          <priority>40</priority>
          <rates type="sltp.mm.core.Rate" uuid="43c8d14b-1018-4cbd-9fbc-e6cf8f88a483">
            <annotation>D1</annotation>
            <color>-12240129</color>
            <hasBlocks>true</hasBlocks>
            <identifier>ClassicPeriodicDiscrete0.10</identifier>
            <rateIndex>0</rateIndex>
            <rateSpec type="sltp.mm.core.RateSpec">
              <period>.1</period>
            </rateSpec>
            <sti>0</sti>
          </rates>
        </tasks>
      </subgraph>
    </rootTask>
  </sltp.mm.core.Context>
</sltp_graph>