<?xml version="1.0" encoding="UTF-8"?>
<sltp_editor version="1.1" packageUris="http://schema.mathworks.com/mf0/DiagramEditor/R2019a_20181107 http://schema.mathworks.com/mf0/SltpSyntax/R2023b_202303220000">
  <diagram.editor.model.Diagram type="diagram.editor.model.Diagram" uuid="4223e391-c3e7-4134-92a9-168b6087d48f">
    <entities type="diagram.editor.model.Entity" uuid="f7220608-0775-4893-a729-204a7d27e403">
      <position>0,0</position>
      <size>0,0,0,0</size>
      <syntaxElement type="sltp.mm.syntax.Node" uuid="5135ba34-0579-496f-bc10-c33d8d678377"/>
      <title>D1</title>
      <type>implicit-periodic</type>
      <subDiagram type="diagram.editor.model.Diagram" uuid="e224f14d-e039-4e02-a83d-53385f396c25">
        <position>0,0</position>
        <syntaxElement type="sltp.mm.syntax.Graph" uuid="705bbf52-40cf-4a84-b293-0be9f4614a48"/>
        <title>D1</title>
        <type>graph.Graph</type>
      </subDiagram>
    </entities>
    <syntaxElement type="sltp.mm.syntax.Graph" uuid="21ffff21-3111-4dd4-a38b-e8746ece807f"/>
    <title>Default</title>
    <type>graph.Graph</type>
  </diagram.editor.model.Diagram>
  <sltp.mm.syntax.Context type="sltp.mm.syntax.Context" uuid="d12b2a26-7a78-4d72-9b5a-e3275c1575dc">
    <rootGraph type="sltp.mm.syntax.Graph" uuid="21ffff21-3111-4dd4-a38b-e8746ece807f">
      <children type="sltp.mm.syntax.Node" uuid="5135ba34-0579-496f-bc10-c33d8d678377">
        <priority>40</priority>
        <rates type="sltp.mm.syntax.RateData">
          <color>#ff453a</color>
          <hasBlocks>true</hasBlocks>
          <rate>0.1</rate>
          <title>D1</title>
        </rates>
        <title>D1</title>
        <type>implicit-periodic</type>
        <diagramElement type="diagram.editor.model.Entity" uuid="f7220608-0775-4893-a729-204a7d27e403"/>
        <subgraph type="sltp.mm.syntax.Graph" uuid="705bbf52-40cf-4a84-b293-0be9f4614a48">
          <title>D1</title>
          <diagramElement type="diagram.editor.model.Diagram" uuid="e224f14d-e039-4e02-a83d-53385f396c25"/>
        </subgraph>
      </children>
      <title>Default</title>
      <diagramElement type="diagram.editor.model.Diagram" uuid="4223e391-c3e7-4134-92a9-168b6087d48f"/>
    </rootGraph>
  </sltp.mm.syntax.Context>
</sltp_editor>