<?xml version="1.0" encoding="UTF-8"?>
<sltp_editor version="1.1" packageUris="http://schema.mathworks.com/mf0/DiagramEditor/R2019a_20181107 http://schema.mathworks.com/mf0/SltpSyntax/R2023b_202303220000">
  <diagram.editor.model.Diagram type="diagram.editor.model.Diagram" uuid="f8031640-4b7d-4f5e-932f-201454310167">
    <syntaxElement type="sltp.mm.syntax.Graph" uuid="d626aa21-c261-4b36-b981-fb4f40c627e7"/>
    <title>Default</title>
    <type>graph.Graph</type>
  </diagram.editor.model.Diagram>
  <sltp.mm.syntax.Context type="sltp.mm.syntax.Context" uuid="05b42053-8313-4463-9e10-be7f8d408ca0">
    <rootGraph type="sltp.mm.syntax.Graph" uuid="d626aa21-c261-4b36-b981-fb4f40c627e7">
      <priorityDirection>HighNumberFirst</priorityDirection>
      <title>Default</title>
      <diagramElement type="diagram.editor.model.Diagram" uuid="f8031640-4b7d-4f5e-932f-201454310167"/>
    </rootGraph>
  </sltp.mm.syntax.Context>
</sltp_editor>