<?xml version="1.0" encoding="UTF-8"?>
<sltp_graph version="1.1" packageUris="http://schema.mathworks.com/mf0/sltp_mm/R2023a_202209151115">
  <sltp.mm.core.Context type="sltp.mm.core.Context" uuid="270d3785-c1ca-4633-9835-37256a6ebd7b">
    <defaultEventBehavior type="sltp.mm.core.EventBehavior" uuid="c69ff54c-08d7-4147-9d05-6bdb711c968d"/>
    <editorState type="sltp.mm.core.EditorState" uuid="ecbeab4c-0baf-4c95-8dfe-2782f5f49e36">
      <panelState type="sltp.mm.core.EditorPanelState" uuid="42872a5d-1286-4c6f-be2a-9fc7e9a93301"/>
    </editorState>
    <rootTask type="sltp.mm.core.Task" uuid="85f064ba-3ba6-4f96-a444-29264ed2d73f">
      <context type="sltp.mm.core.Context" uuid="270d3785-c1ca-4633-9835-37256a6ebd7b"/>
      <explicit>false</explicit>
      <name>Default</name>
      <priority>-2147483648</priority>
      <subgraph type="sltp.mm.core.Graph" uuid="3f914428-9272-41e9-aea0-6fd7c47e7f0d"/>
    </rootTask>
  </sltp.mm.core.Context>
</sltp_graph>