<?xml version="1.0" encoding="utf-8"?>
<System>
  <P Name="Location">[960, 0, 1920, 1032]</P>
  <Block BlockType="Inport" Name="X" SID="174">
    <P Name="Position">[90, 268, 120, 282]</P>
    <P Name="ZOrder">21</P>
  </Block>
  <Block BlockType="SubSystem" Name="BinaryPrediction" SID="163">
    <PortCounts in="2" out="1"/>
    <P Name="Position">[860, 209, 1045, 271]</P>
    <P Name="ZOrder">19</P>
    <P Name="ErrorFcn">Stateflow.Translate.translate</P>
    <P Name="PermitHierarchicalResolution">ExplicitOnly</P>
    <P Name="TreatAsAtomicUnit">on</P>
    <P Name="SFBlockType">MATLAB Function</P>
    <P Name="ContentPreviewEnabled">on</P>
    <PortProperties>
      <Port Type="out" Index="1">
        <P Name="PropagatedSignals">yprd</P>
      </Port>
    </PortProperties>
    <System Ref="system_163"/>
  </Block>
  <Block BlockType="SubSystem" Name="Hidden_Layer1" SID="81">
    <PortCounts in="3" out="1"/>
    <P Name="Position">[155, 146, 275, 304]</P>
    <P Name="ZOrder">9</P>
    <P Name="ErrorFcn">Stateflow.Translate.translate</P>
    <P Name="PermitHierarchicalResolution">ExplicitOnly</P>
    <P Name="TreatAsAtomicUnit">on</P>
    <P Name="SFBlockType">MATLAB Function</P>
    <P Name="ContentPreviewEnabled">on</P>
    <PortProperties>
      <Port Type="out" Index="1">
        <P Name="PropagatedSignals">ytan</P>
      </Port>
    </PortProperties>
    <System Ref="system_81"/>
  </Block>
  <Block BlockType="SubSystem" Name="Hidden_Layer2" SID="157">
    <PortCounts in="3" out="1"/>
    <P Name="Position">[400, 146, 520, 304]</P>
    <P Name="ZOrder">13</P>
    <P Name="ErrorFcn">Stateflow.Translate.translate</P>
    <P Name="PermitHierarchicalResolution">ExplicitOnly</P>
    <P Name="TreatAsAtomicUnit">on</P>
    <P Name="SFBlockType">MATLAB Function</P>
    <P Name="ContentPreviewEnabled">on</P>
    <PortProperties>
      <Port Type="out" Index="1">
        <P Name="PropagatedSignals">ytan</P>
      </Port>
    </PortProperties>
    <System Ref="system_157"/>
  </Block>
  <Block BlockType="SubSystem" Name="OutputLayer" SID="160">
    <PortCounts in="3" out="1"/>
    <P Name="Position">[645, 146, 765, 304]</P>
    <P Name="ZOrder">16</P>
    <P Name="ErrorFcn">Stateflow.Translate.translate</P>
    <P Name="PermitHierarchicalResolution">ExplicitOnly</P>
    <P Name="TreatAsAtomicUnit">on</P>
    <P Name="SFBlockType">MATLAB Function</P>
    <P Name="ContentPreviewEnabled">on</P>
    <PortProperties>
      <Port Type="out" Index="1">
        <P Name="PropagatedSignals">ytan</P>
      </Port>
    </PortProperties>
    <System Ref="system_160"/>
  </Block>
  <Block BlockType="Constant" Name="Threshold" SID="164">
    <P Name="Position">[790, 240, 820, 270]</P>
    <P Name="ZOrder">20</P>
    <P Name="Value">0.5</P>
    <P Name="OutDataTypeStr">fixdt(0,1,1)</P>
    <P Name="SampleTime">-1</P>
  </Block>
  <Block BlockType="Constant" Name="W1" SID="156">
    <P Name="Position">[100, 217, 120, 233]</P>
    <P Name="ZOrder">12</P>
    <P Name="Value">W1</P>
    <P Name="VectorParams1D">off</P>
    <P Name="SampleTime">-1</P>
  </Block>
  <Block BlockType="Constant" Name="W2" SID="159">
    <P Name="Position">[345, 217, 365, 233]</P>
    <P Name="ZOrder">15</P>
    <P Name="Value">W2</P>
    <P Name="VectorParams1D">off</P>
    <P Name="SampleTime">-1</P>
  </Block>
  <Block BlockType="Constant" Name="W3" SID="162">
    <P Name="Position">[590, 217, 610, 233]</P>
    <P Name="ZOrder">18</P>
    <P Name="Value">W3</P>
    <P Name="VectorParams1D">off</P>
    <P Name="SampleTime">-1</P>
  </Block>
  <Block BlockType="Constant" Name="b1" SID="155">
    <P Name="Position">[100, 167, 120, 183]</P>
    <P Name="ZOrder">11</P>
    <P Name="Value">b1</P>
    <P Name="VectorParams1D">off</P>
    <P Name="SampleTime">-1</P>
  </Block>
  <Block BlockType="Constant" Name="b2" SID="158">
    <P Name="Position">[345, 167, 365, 183]</P>
    <P Name="ZOrder">14</P>
    <P Name="Value">b2</P>
    <P Name="VectorParams1D">off</P>
    <P Name="SampleTime">-1</P>
  </Block>
  <Block BlockType="Constant" Name="b5" SID="161">
    <P Name="Position">[590, 167, 610, 183]</P>
    <P Name="ZOrder">17</P>
    <P Name="Value">b3</P>
    <P Name="VectorParams1D">off</P>
    <P Name="SampleTime">-1</P>
  </Block>
  <Block BlockType="Outport" Name="yprd" SID="175">
    <P Name="Position">[1070, 233, 1100, 247]</P>
    <P Name="ZOrder">22</P>
  </Block>
  <Line>
    <P Name="ZOrder">19</P>
    <P Name="Src">159#out:1</P>
    <P Name="Dst">157#in:2</P>
  </Line>
  <Line>
    <P Name="ZOrder">23</P>
    <P Name="Src">161#out:1</P>
    <P Name="Dst">160#in:1</P>
  </Line>
  <Line>
    <P Name="ZOrder">20</P>
    <P Name="Src">158#out:1</P>
    <P Name="Dst">157#in:1</P>
  </Line>
  <Line>
    <P Name="ZOrder">14</P>
    <P Name="Src">155#out:1</P>
    <P Name="Dst">81#in:1</P>
  </Line>
  <Line>
    <P Name="ZOrder">27</P>
    <P Name="Src">164#out:1</P>
    <P Name="Dst">163#in:2</P>
  </Line>
  <Line>
    <P Name="ZOrder">15</P>
    <P Name="Src">156#out:1</P>
    <P Name="Dst">81#in:2</P>
  </Line>
  <Line>
    <P Name="ZOrder">21</P>
    <P Name="Src">81#out:1</P>
    <P Name="Points">[30, 0; 0, 50]</P>
    <P Name="Dst">157#in:3</P>
  </Line>
  <Line>
    <P Name="ZOrder">24</P>
    <P Name="Src">162#out:1</P>
    <P Name="Dst">160#in:2</P>
  </Line>
  <Line>
    <P Name="ZOrder">25</P>
    <P Name="Src">157#out:1</P>
    <P Name="Points">[30, 0; 0, 50]</P>
    <P Name="Dst">160#in:3</P>
  </Line>
  <Line>
    <P Name="ZOrder">26</P>
    <P Name="Src">160#out:1</P>
    <P Name="Dst">163#in:1</P>
  </Line>
  <Line>
    <P Name="ZOrder">33</P>
    <P Name="Src">174#out:1</P>
    <P Name="Dst">81#in:3</P>
  </Line>
  <Line>
    <P Name="ZOrder">34</P>
    <P Name="Src">163#out:1</P>
    <P Name="Dst">175#in:1</P>
  </Line>
</System>
