<?xml version="1.0" encoding="utf-8"?>
<System>
  <P Name="Location">[223, 338, 826, 833]</P>
  <P Name="SIDHighWatermark">28</P>
  <Block BlockType="Inport" Name="u" SID="163::1">
    <P Name="Position">[20, 101, 40, 119]</P>
    <P Name="ZOrder">-1</P>
    <PortProperties>
      <Port Type="out" Index="1">
        <P Name="PropagatedSignals">ytan</P>
      </Port>
    </PortProperties>
  </Block>
  <Block BlockType="Inport" Name="Thresh" SID="163::28">
    <P Name="Position">[20, 136, 40, 154]</P>
    <P Name="ZOrder">19</P>
    <P Name="Port">2</P>
  </Block>
  <Block BlockType="Demux" Name=" Demux " SID="163::26">
    <PortCounts in="1" out="1"/>
    <P Name="Position">[270, 230, 320, 270]</P>
    <P Name="ZOrder">17</P>
    <P Name="Outputs">1</P>
  </Block>
  <Block BlockType="S-Function" Name=" SFunction " SID="163::25">
    <P Name="Tag">Stateflow S-Function 5</P>
    <PortCounts in="2" out="2"/>
    <P Name="Position">[180, 100, 230, 160]</P>
    <P Name="ZOrder">16</P>
    <P Name="FunctionName">sf_sfun</P>
    <P Name="PortCounts">[2 2]</P>
    <P Name="SFunctionDeploymentMode">off</P>
    <P Name="EnableBusSupport">on</P>
    <P Name="SFcnIsStateOwnerBlock">off</P>
    <PortProperties>
      <Port Type="out" Index="2">
        <P Name="Name">yprd</P>
      </Port>
    </PortProperties>
  </Block>
  <Block BlockType="Terminator" Name=" Terminator " SID="163::27">
    <P Name="Position">[460, 241, 480, 259]</P>
    <P Name="ZOrder">18</P>
  </Block>
  <Block BlockType="Outport" Name="yprd" SID="163::5">
    <P Name="Position">[460, 101, 480, 119]</P>
    <P Name="ZOrder">-5</P>
  </Block>
  <Line>
    <P Name="ZOrder">9</P>
    <P Name="Src">163::1#out:1</P>
    <P Name="Dst">163::25#in:1</P>
  </Line>
  <Line>
    <P Name="ZOrder">10</P>
    <P Name="Src">163::28#out:1</P>
    <P Name="Dst">163::25#in:2</P>
  </Line>
  <Line>
    <P Name="Name">yprd</P>
    <P Name="ZOrder">11</P>
    <P Name="Labels">[0, 0]</P>
    <P Name="Src">163::25#out:2</P>
    <P Name="Dst">163::5#in:1</P>
  </Line>
  <Line>
    <P Name="ZOrder">12</P>
    <P Name="Src">163::26#out:1</P>
    <P Name="Dst">163::27#in:1</P>
  </Line>
  <Line>
    <P Name="ZOrder">13</P>
    <P Name="Src">163::25#out:1</P>
    <P Name="Dst">163::26#in:1</P>
  </Line>
</System>
