<?xml version="1.0" encoding="utf-8"?>
<System>
  <P Name="Location">[0, 0, 0, 0]</P>
  <Block BlockType="Inport" Name="pd{1,1}" SID="93">
    <P Name="Position">[40, 120, 60, 140]</P>
    <P Name="ZOrder">1</P>
    <P Name="PortDimensions">8</P>
    <Mask>
      <Display IconFrame="off">e = 0.06;c1 = [120 230 180]/255;c2 = ([120 230 180]+0)/(256+128);c3 = ([120 230 180]+128)/(256+128);patch([0 1 1 0],[0 0 1 1],c1);patch([0 1 1 1-e 1-e 0+e],[0 0 1 1-e 0+e 0+e],c2);patch([0 0 1 1-e 0+e 0+e],[0 1 1 1-e 1-e 0+e],c3);plot([0 1 1 0 0],[0 0 1 1 0]);</Display>
    </Mask>
  </Block>
  <Block BlockType="Constant" Name="IW{1,1}(1,:)&apos;" SID="94">
    <P Name="Position">[140, 40, 180, 60]</P>
    <P Name="ZOrder">3</P>
    <P Name="Value">[-0.6641212413288057891946891686529852449893951416015625;-2.56667788070461089233731399872340261936187744140625;1.40999239376734042394900825456716120243072509765625;0.467037817196913007666836392672848887741565704345703125;0.24099833870091635912302763244952075183391571044921875;-0.6028937415688080392328629386611282825469970703125;-1.0727330646364248156743315121275372803211212158203125;-1.6836202497415346801545865673688240349292755126953125]</P>
    <Mask>
      <Display IconFrame="off">e = 0.06;c1 = [120 150 230]/255;c2 = ([120 150 230]+0)/383;c3 = ([120 150 230]+128)/383;patch([0 1 1 0],[0 0 1 1],c1);patch([0 1 1 1-e 1-e 0+e],[0 0 1 1-e 0+e 0+e],c2);patch([0 0 1 1-e 0+e 0+e],[0 1 1 1-e 1-e 0+e],c3);plot([0 1 1 0 0],[0 0 1 1 0]);disp(&apos;Weights&apos;);</Display>
    </Mask>
  </Block>
  <Block BlockType="Constant" Name="IW{1,1}(2,:)&apos;" SID="95">
    <P Name="Position">[140, 100, 180, 120]</P>
    <P Name="ZOrder">5</P>
    <P Name="Value">[-0.5850894015723888674784802788053639233112335205078125;-1.5734026357093870984726891038008034229278564453125;0.339738414217930662086786242070957086980342864990234375;-0.27303577253109312383827500525512732565402984619140625;-0.108502942687037362556878861141740344464778900146484375;-1.2438852441352665767482221781392581760883331298828125;-0.124070055564809933468239933063159696757793426513671875;0.6853348783486732376246663989149965345859527587890625]</P>
    <Mask>
      <Display IconFrame="off">e = 0.06;c1 = [120 150 230]/255;c2 = ([120 150 230]+0)/383;c3 = ([120 150 230]+128)/383;patch([0 1 1 0],[0 0 1 1],c1);patch([0 1 1 1-e 1-e 0+e],[0 0 1 1-e 0+e 0+e],c2);patch([0 0 1 1-e 0+e 0+e],[0 1 1 1-e 1-e 0+e],c3);plot([0 1 1 0 0],[0 0 1 1 0]);disp(&apos;Weights&apos;);</Display>
    </Mask>
  </Block>
  <Block BlockType="Constant" Name="IW{1,1}(3,:)&apos;" SID="96">
    <P Name="Position">[140, 160, 180, 180]</P>
    <P Name="ZOrder">7</P>
    <P Name="Value">[-0.1628607366540026635259863496685284189879894256591796875;-1.2227541035487379250668027452775277197360992431640625;-0.557787913182882011398078248021192848682403564453125;0.54151779493132046194858730814303271472454071044921875;0.33973810939857196355973201207234524190425872802734375;0.06472413804814537707787991394070559181272983551025390625;0.351339165294662858496366197869065217673778533935546875;-0.30375067981829395602488830263609997928142547607421875]</P>
    <Mask>
      <Display IconFrame="off">e = 0.06;c1 = [120 150 230]/255;c2 = ([120 150 230]+0)/383;c3 = ([120 150 230]+128)/383;patch([0 1 1 0],[0 0 1 1],c1);patch([0 1 1 1-e 1-e 0+e],[0 0 1 1-e 0+e 0+e],c2);patch([0 0 1 1-e 0+e 0+e],[0 1 1 1-e 1-e 0+e],c3);plot([0 1 1 0 0],[0 0 1 1 0]);disp(&apos;Weights&apos;);</Display>
    </Mask>
  </Block>
  <Block BlockType="Mux" Name="Mux" SID="97">
    <PortCounts in="3" out="1"/>
    <P Name="Position">[340, 120, 380, 140]</P>
    <P Name="ZOrder">8</P>
    <P Name="Inputs">3</P>
    <Mask>
      <Display IconFrame="off">e = 0.06;c1 = [120 150 230]/255;c2 = ([120 150 230]+0)/383;c3 = ([120 150 230]+128)/383;patch([0 1 1 0],[0 0 1 1],c1);patch([0 1 1 1-e 1-e 0+e],[0 0 1 1-e 0+e 0+e],c2);patch([0 0 1 1-e 0+e 0+e],[0 1 1 1-e 1-e 0+e],c3);plot([0 1 1 0 0],[0 0 1 1 0]);disp(&apos;Mux&apos;);</Display>
    </Mask>
  </Block>
  <Block BlockType="Reference" Name="dotprod1" SID="98">
    <PortCounts in="2" out="1"/>
    <P Name="Position">[240, 40, 260, 80]</P>
    <P Name="ZOrder">2</P>
    <P Name="LibraryVersion">12.0</P>
    <P Name="SourceBlock">neural/Weight Functions/dotprod</P>
    <P Name="SourceType">DOTPROD</P>
    <InstanceData>
      <P Name="RTWMemSecFuncInitTerm">Inherit from model</P>
      <P Name="RTWMemSecFuncExecute">Inherit from model</P>
      <P Name="RTWMemSecDataConstants">Inherit from model</P>
      <P Name="RTWMemSecDataInternal">Inherit from model</P>
      <P Name="RTWMemSecDataParameters">Inherit from model</P>
      <P Name="ContentPreviewEnabled">off</P>
    </InstanceData>
  </Block>
  <Block BlockType="Reference" Name="dotprod2" SID="99">
    <PortCounts in="2" out="1"/>
    <P Name="Position">[240, 100, 260, 140]</P>
    <P Name="ZOrder">4</P>
    <P Name="LibraryVersion">12.0</P>
    <P Name="SourceBlock">neural/Weight Functions/dotprod</P>
    <P Name="SourceType">DOTPROD</P>
    <InstanceData>
      <P Name="RTWMemSecFuncInitTerm">Inherit from model</P>
      <P Name="RTWMemSecFuncExecute">Inherit from model</P>
      <P Name="RTWMemSecDataConstants">Inherit from model</P>
      <P Name="RTWMemSecDataInternal">Inherit from model</P>
      <P Name="RTWMemSecDataParameters">Inherit from model</P>
      <P Name="ContentPreviewEnabled">off</P>
    </InstanceData>
  </Block>
  <Block BlockType="Reference" Name="dotprod3" SID="100">
    <PortCounts in="2" out="1"/>
    <P Name="Position">[240, 160, 260, 200]</P>
    <P Name="ZOrder">6</P>
    <P Name="LibraryVersion">12.0</P>
    <P Name="SourceBlock">neural/Weight Functions/dotprod</P>
    <P Name="SourceType">DOTPROD</P>
    <InstanceData>
      <P Name="RTWMemSecFuncInitTerm">Inherit from model</P>
      <P Name="RTWMemSecFuncExecute">Inherit from model</P>
      <P Name="RTWMemSecDataConstants">Inherit from model</P>
      <P Name="RTWMemSecDataInternal">Inherit from model</P>
      <P Name="RTWMemSecDataParameters">Inherit from model</P>
      <P Name="ContentPreviewEnabled">off</P>
    </InstanceData>
  </Block>
  <Block BlockType="Outport" Name="iz{1,1}" SID="101">
    <P Name="Position">[420, 120, 440, 140]</P>
    <P Name="ZOrder">9</P>
    <Mask>
      <Display IconFrame="off">e = 0.06;c1 = [120 230 180]/255;c2 = ([120 230 180]+0)/(256+128);c3 = ([120 230 180]+128)/(256+128);patch([0 1 1 0],[0 0 1 1],c1);patch([0 1 1 1-e 1-e 0+e],[0 0 1 1-e 0+e 0+e],c2);patch([0 0 1 1-e 0+e 0+e],[0 1 1 1-e 1-e 0+e],c3);plot([0 1 1 0 0],[0 0 1 1 0]);</Display>
    </Mask>
  </Block>
  <Line>
    <P Name="ZOrder">1</P>
    <P Name="Src">94#out:1</P>
    <P Name="Dst">98#in:1</P>
  </Line>
  <Line>
    <P Name="ZOrder">2</P>
    <P Name="Src">93#out:1</P>
    <P Name="Points">[0, 0]</P>
    <Branch>
      <P Name="ZOrder">3</P>
      <P Name="Dst">98#in:2</P>
    </Branch>
    <Branch>
      <P Name="ZOrder">4</P>
      <P Name="Dst">99#in:2</P>
    </Branch>
    <Branch>
      <P Name="ZOrder">5</P>
      <P Name="Dst">100#in:2</P>
    </Branch>
  </Line>
  <Line>
    <P Name="ZOrder">6</P>
    <P Name="Src">98#out:1</P>
    <P Name="Dst">97#in:1</P>
  </Line>
  <Line>
    <P Name="ZOrder">7</P>
    <P Name="Src">95#out:1</P>
    <P Name="Dst">99#in:1</P>
  </Line>
  <Line>
    <P Name="ZOrder">8</P>
    <P Name="Src">99#out:1</P>
    <P Name="Dst">97#in:2</P>
  </Line>
  <Line>
    <P Name="ZOrder">9</P>
    <P Name="Src">96#out:1</P>
    <P Name="Dst">100#in:1</P>
  </Line>
  <Line>
    <P Name="ZOrder">10</P>
    <P Name="Src">100#out:1</P>
    <P Name="Dst">97#in:3</P>
  </Line>
  <Line>
    <P Name="ZOrder">11</P>
    <P Name="Src">97#out:1</P>
    <P Name="Dst">101#in:1</P>
  </Line>
</System>
