<?xml version="1.0" encoding="utf-8"?>
<System>
  <P Name="Location">[-1, -8, 1921, 1033]</P>
  <Block BlockType="Inport" Name="Input" SID="83">
    <P Name="Position">[40, 40, 60, 60]</P>
    <P Name="ZOrder">1</P>
    <P Name="PortDimensions">8</P>
    <Mask>
      <Display IconFrame="off">e = 0.06;c1 = [120 230 180]/255;c2 = ([120 230 180]+0)/(256+128);c3 = ([120 230 180]+128)/(256+128);patch([0 1 1 0],[0 0 1 1],c1);patch([0 1 1 1-e 1-e 0+e],[0 0 1 1-e 0+e 0+e],c2);patch([0 0 1 1-e 0+e 0+e],[0 1 1 1-e 1-e 0+e],c3);plot([0 1 1 0 0],[0 0 1 1 0]);</Display>
    </Mask>
  </Block>
  <Block BlockType="From" Name=" a{1} " SID="84">
    <P Name="Position">[40, 120, 60, 140]</P>
    <P Name="ZOrder">5</P>
    <P Name="GotoTag">feedback1</P>
    <Mask>
      <Display IconFrame="off">plot(cos(0:.1:2*pi),sin(0:.1:2*pi))</Display>
    </Mask>
  </Block>
  <Block BlockType="From" Name=" a{2} " SID="85">
    <P Name="Position">[40, 160, 60, 180]</P>
    <P Name="ZOrder">6</P>
    <P Name="GotoTag">feedback2</P>
    <Mask>
      <Display IconFrame="off">plot(cos(0:.1:2*pi),sin(0:.1:2*pi))</Display>
    </Mask>
  </Block>
  <Block BlockType="SubSystem" Name="Layer 1" SID="86">
    <PortCounts in="1" out="1"/>
    <P Name="Position">[190, 40, 250, 60]</P>
    <P Name="ZOrder">9</P>
    <P Name="ContentPreviewEnabled">on</P>
    <Mask>
      <Display IconFrame="off">e = 0.06;c1 = [120 150 230]/255;c2 = ([120 150 230]+0)/383;c3 = ([120 150 230]+128)/383;patch([0 1 1 0],[0 0 1 1],c1);patch([0 1 1 1-e 1-e 0+e],[0 0 1 1-e 0+e 0+e],c2);patch([0 0 1 1-e 0+e 0+e],[0 1 1 1-e 1-e 0+e],c3);plot([0 1 1 0 0],[0 0 1 1 0]);</Display>
    </Mask>
    <System Ref="system_86"/>
  </Block>
  <Block BlockType="SubSystem" Name="Layer 2" SID="106">
    <PortCounts in="1" out="1"/>
    <P Name="Position">[190, 80, 250, 100]</P>
    <P Name="ZOrder">10</P>
    <P Name="ContentPreviewEnabled">on</P>
    <Mask>
      <Display IconFrame="off">e = 0.06;c1 = [120 150 230]/255;c2 = ([120 150 230]+0)/383;c3 = ([120 150 230]+128)/383;patch([0 1 1 0],[0 0 1 1],c1);patch([0 1 1 1-e 1-e 0+e],[0 0 1 1-e 0+e 0+e],c2);patch([0 0 1 1-e 0+e 0+e],[0 1 1 1-e 1-e 0+e],c3);plot([0 1 1 0 0],[0 0 1 1 0]);</Display>
    </Mask>
    <System Ref="system_106"/>
  </Block>
  <Block BlockType="SubSystem" Name="Layer 3" SID="128">
    <PortCounts in="1" out="1"/>
    <P Name="Position">[190, 120, 250, 140]</P>
    <P Name="ZOrder">11</P>
    <P Name="ContentPreviewEnabled">on</P>
    <Mask>
      <Display IconFrame="off">e = 0.06;c1 = [120 150 230]/255;c2 = ([120 150 230]+0)/383;c3 = ([120 150 230]+128)/383;patch([0 1 1 0],[0 0 1 1],c1);patch([0 1 1 1-e 1-e 0+e],[0 0 1 1-e 0+e 0+e],c2);patch([0 0 1 1-e 0+e 0+e],[0 1 1 1-e 1-e 0+e],c3);plot([0 1 1 0 0],[0 0 1 1 0]);</Display>
    </Mask>
    <System Ref="system_128"/>
  </Block>
  <Block BlockType="Goto" Name="a{1}" SID="152">
    <P Name="Position">[380, 40, 400, 60]</P>
    <P Name="ZOrder">7</P>
    <P Name="GotoTag">feedback1</P>
    <Mask>
      <Display IconFrame="off">plot(cos(0:.1:2*pi),sin(0:.1:2*pi))</Display>
    </Mask>
  </Block>
  <Block BlockType="Goto" Name="a{2}" SID="153">
    <P Name="Position">[380, 80, 400, 100]</P>
    <P Name="ZOrder">8</P>
    <P Name="GotoTag">feedback2</P>
    <Mask>
      <Display IconFrame="off">plot(cos(0:.1:2*pi),sin(0:.1:2*pi))</Display>
    </Mask>
  </Block>
  <Block BlockType="Outport" Name="Output" SID="154">
    <P Name="Position">[380, 160, 400, 180]</P>
    <P Name="ZOrder">3</P>
    <P Name="InitialOutput">0</P>
    <Mask>
      <Display IconFrame="off">e = 0.06;c1 = [120 230 180]/255;c2 = ([120 230 180]+0)/(256+128);c3 = ([120 230 180]+128)/(256+128);patch([0 1 1 0],[0 0 1 1],c1);patch([0 1 1 1-e 1-e 0+e],[0 0 1 1-e 0+e 0+e],c2);patch([0 0 1 1-e 0+e 0+e],[0 1 1 1-e 1-e 0+e],c3);plot([0 1 1 0 0],[0 0 1 1 0]);</Display>
    </Mask>
  </Block>
  <Line>
    <P Name="ZOrder">10</P>
    <P Name="Src">128#out:1</P>
    <P Name="Points">[50, 0; 0, 40]</P>
    <P Name="Dst">154#in:1</P>
  </Line>
  <Line>
    <P Name="ZOrder">9</P>
    <P Name="Src">83#out:1</P>
    <P Name="Dst">86#in:1</P>
  </Line>
  <Line>
    <P Name="ZOrder">4</P>
    <P Name="Src">86#out:1</P>
    <P Name="Dst">152#in:1</P>
  </Line>
  <Line>
    <P Name="ZOrder">5</P>
    <P Name="Src">84#out:1</P>
    <P Name="Dst">106#in:1</P>
  </Line>
  <Line>
    <P Name="ZOrder">6</P>
    <P Name="Src">106#out:1</P>
    <P Name="Dst">153#in:1</P>
  </Line>
  <Line>
    <P Name="ZOrder">7</P>
    <P Name="Src">85#out:1</P>
    <P Name="Dst">128#in:1</P>
  </Line>
</System>
