<?xml version="1.0" encoding="utf-8"?>
<System>
  <P Name="Location">[0, 0, 0, 0]</P>
  <Block BlockType="Inport" Name="ad{2,1}" SID="113">
    <P Name="Position">[40, 150, 60, 170]</P>
    <P Name="ZOrder">1</P>
    <P Name="PortDimensions">3</P>
    <Mask>
      <Display IconFrame="off">e = 0.06;c1 = [120 230 180]/255;c2 = ([120 230 180]+0)/(256+128);c3 = ([120 230 180]+128)/(256+128);patch([0 1 1 0],[0 0 1 1],c1);patch([0 1 1 1-e 1-e 0+e],[0 0 1 1-e 0+e 0+e],c2);patch([0 0 1 1-e 0+e 0+e],[0 1 1 1-e 1-e 0+e],c3);plot([0 1 1 0 0],[0 0 1 1 0]);</Display>
    </Mask>
  </Block>
  <Block BlockType="Constant" Name="IW{2,1}(1,:)&apos;" SID="114">
    <P Name="Position">[140, 40, 180, 60]</P>
    <P Name="ZOrder">3</P>
    <P Name="Value">[1.673238047359759672616519310395233333110809326171875;-0.63577056557885069931757016092888079583644866943359375;1.21129135669640763950383188785053789615631103515625]</P>
    <Mask>
      <Display IconFrame="off">e = 0.06;c1 = [120 150 230]/255;c2 = ([120 150 230]+0)/383;c3 = ([120 150 230]+128)/383;patch([0 1 1 0],[0 0 1 1],c1);patch([0 1 1 1-e 1-e 0+e],[0 0 1 1-e 0+e 0+e],c2);patch([0 0 1 1-e 0+e 0+e],[0 1 1 1-e 1-e 0+e],c3);plot([0 1 1 0 0],[0 0 1 1 0]);disp(&apos;weights&apos;);</Display>
    </Mask>
  </Block>
  <Block BlockType="Constant" Name="IW{2,1}(2,:)&apos;" SID="115">
    <P Name="Position">[140, 100, 180, 120]</P>
    <P Name="ZOrder">5</P>
    <P Name="Value">[0.407807342580273901599952068863785825669765472412109375;-0.136555981922885205648299233871512115001678466796875;-2.125106547250152022598967960220761597156524658203125]</P>
    <Mask>
      <Display IconFrame="off">e = 0.06;c1 = [120 150 230]/255;c2 = ([120 150 230]+0)/383;c3 = ([120 150 230]+128)/383;patch([0 1 1 0],[0 0 1 1],c1);patch([0 1 1 1-e 1-e 0+e],[0 0 1 1-e 0+e 0+e],c2);patch([0 0 1 1-e 0+e 0+e],[0 1 1 1-e 1-e 0+e],c3);plot([0 1 1 0 0],[0 0 1 1 0]);disp(&apos;weights&apos;);</Display>
    </Mask>
  </Block>
  <Block BlockType="Constant" Name="IW{2,1}(3,:)&apos;" SID="116">
    <P Name="Position">[140, 160, 180, 180]</P>
    <P Name="ZOrder">7</P>
    <P Name="Value">[1.0562155220044171510807018421473912894725799560546875;-0.416191331514372431232828830616199411451816558837890625;-2.071620966993764856312054689624346792697906494140625]</P>
    <Mask>
      <Display IconFrame="off">e = 0.06;c1 = [120 150 230]/255;c2 = ([120 150 230]+0)/383;c3 = ([120 150 230]+128)/383;patch([0 1 1 0],[0 0 1 1],c1);patch([0 1 1 1-e 1-e 0+e],[0 0 1 1-e 0+e 0+e],c2);patch([0 0 1 1-e 0+e 0+e],[0 1 1 1-e 1-e 0+e],c3);plot([0 1 1 0 0],[0 0 1 1 0]);disp(&apos;weights&apos;);</Display>
    </Mask>
  </Block>
  <Block BlockType="Constant" Name="IW{2,1}(4,:)&apos;" SID="117">
    <P Name="Position">[140, 220, 180, 240]</P>
    <P Name="ZOrder">9</P>
    <P Name="Value">[2.315111416385775999771112765301950275897979736328125;1.6139216596176610973856213604449294507503509521484375;0.471927259795581310886092296641436405479907989501953125]</P>
    <Mask>
      <Display IconFrame="off">e = 0.06;c1 = [120 150 230]/255;c2 = ([120 150 230]+0)/383;c3 = ([120 150 230]+128)/383;patch([0 1 1 0],[0 0 1 1],c1);patch([0 1 1 1-e 1-e 0+e],[0 0 1 1-e 0+e 0+e],c2);patch([0 0 1 1-e 0+e 0+e],[0 1 1 1-e 1-e 0+e],c3);plot([0 1 1 0 0],[0 0 1 1 0]);disp(&apos;weights&apos;);</Display>
    </Mask>
  </Block>
  <Block BlockType="Mux" Name="Mux" SID="118">
    <PortCounts in="4" out="1"/>
    <P Name="Position">[340, 152, 380, 173]</P>
    <P Name="ZOrder">10</P>
    <Mask>
      <Display IconFrame="off">e = 0.06;c1 = [120 150 230]/255;c2 = ([120 150 230]+0)/383;c3 = ([120 150 230]+128)/383;patch([0 1 1 0],[0 0 1 1],c1);patch([0 1 1 1-e 1-e 0+e],[0 0 1 1-e 0+e 0+e],c2);patch([0 0 1 1-e 0+e 0+e],[0 1 1 1-e 1-e 0+e],c3);plot([0 1 1 0 0],[0 0 1 1 0]);disp(&apos;Mux&apos;);</Display>
    </Mask>
  </Block>
  <Block BlockType="Reference" Name="dotprod1" SID="119">
    <PortCounts in="2" out="1"/>
    <P Name="Position">[240, 40, 260, 80]</P>
    <P Name="ZOrder">2</P>
    <P Name="LibraryVersion">12.0</P>
    <P Name="SourceBlock">neural/Weight Functions/dotprod</P>
    <P Name="SourceType">DOTPROD</P>
    <InstanceData>
      <P Name="RTWMemSecFuncInitTerm">Inherit from model</P>
      <P Name="RTWMemSecFuncExecute">Inherit from model</P>
      <P Name="RTWMemSecDataConstants">Inherit from model</P>
      <P Name="RTWMemSecDataInternal">Inherit from model</P>
      <P Name="RTWMemSecDataParameters">Inherit from model</P>
      <P Name="ContentPreviewEnabled">off</P>
    </InstanceData>
  </Block>
  <Block BlockType="Reference" Name="dotprod2" SID="120">
    <PortCounts in="2" out="1"/>
    <P Name="Position">[240, 100, 260, 140]</P>
    <P Name="ZOrder">4</P>
    <P Name="LibraryVersion">12.0</P>
    <P Name="SourceBlock">neural/Weight Functions/dotprod</P>
    <P Name="SourceType">DOTPROD</P>
    <InstanceData>
      <P Name="RTWMemSecFuncInitTerm">Inherit from model</P>
      <P Name="RTWMemSecFuncExecute">Inherit from model</P>
      <P Name="RTWMemSecDataConstants">Inherit from model</P>
      <P Name="RTWMemSecDataInternal">Inherit from model</P>
      <P Name="RTWMemSecDataParameters">Inherit from model</P>
      <P Name="ContentPreviewEnabled">off</P>
    </InstanceData>
  </Block>
  <Block BlockType="Reference" Name="dotprod3" SID="121">
    <PortCounts in="2" out="1"/>
    <P Name="Position">[240, 160, 260, 200]</P>
    <P Name="ZOrder">6</P>
    <P Name="LibraryVersion">12.0</P>
    <P Name="SourceBlock">neural/Weight Functions/dotprod</P>
    <P Name="SourceType">DOTPROD</P>
    <InstanceData>
      <P Name="RTWMemSecFuncInitTerm">Inherit from model</P>
      <P Name="RTWMemSecFuncExecute">Inherit from model</P>
      <P Name="RTWMemSecDataConstants">Inherit from model</P>
      <P Name="RTWMemSecDataInternal">Inherit from model</P>
      <P Name="RTWMemSecDataParameters">Inherit from model</P>
      <P Name="ContentPreviewEnabled">off</P>
    </InstanceData>
  </Block>
  <Block BlockType="Reference" Name="dotprod4" SID="122">
    <PortCounts in="2" out="1"/>
    <P Name="Position">[240, 220, 260, 260]</P>
    <P Name="ZOrder">8</P>
    <P Name="LibraryVersion">12.0</P>
    <P Name="SourceBlock">neural/Weight Functions/dotprod</P>
    <P Name="SourceType">DOTPROD</P>
    <InstanceData>
      <P Name="RTWMemSecFuncInitTerm">Inherit from model</P>
      <P Name="RTWMemSecFuncExecute">Inherit from model</P>
      <P Name="RTWMemSecDataConstants">Inherit from model</P>
      <P Name="RTWMemSecDataInternal">Inherit from model</P>
      <P Name="RTWMemSecDataParameters">Inherit from model</P>
      <P Name="ContentPreviewEnabled">off</P>
    </InstanceData>
  </Block>
  <Block BlockType="Outport" Name="lz{2,1}" SID="123">
    <P Name="Position">[420, 150, 440, 170]</P>
    <P Name="ZOrder">11</P>
    <Mask>
      <Display IconFrame="off">e = 0.06;c1 = [120 230 180]/255;c2 = ([120 230 180]+0)/(256+128);c3 = ([120 230 180]+128)/(256+128);patch([0 1 1 0],[0 0 1 1],c1);patch([0 1 1 1-e 1-e 0+e],[0 0 1 1-e 0+e 0+e],c2);patch([0 0 1 1-e 0+e 0+e],[0 1 1 1-e 1-e 0+e],c3);plot([0 1 1 0 0],[0 0 1 1 0]);</Display>
    </Mask>
  </Block>
  <Line>
    <P Name="ZOrder">1</P>
    <P Name="Src">114#out:1</P>
    <P Name="Dst">119#in:1</P>
  </Line>
  <Line>
    <P Name="ZOrder">2</P>
    <P Name="Src">113#out:1</P>
    <P Name="Points">[0, 0]</P>
    <Branch>
      <P Name="ZOrder">3</P>
      <P Name="Dst">119#in:2</P>
    </Branch>
    <Branch>
      <P Name="ZOrder">4</P>
      <P Name="Dst">120#in:2</P>
    </Branch>
    <Branch>
      <P Name="ZOrder">5</P>
      <P Name="Dst">121#in:2</P>
    </Branch>
    <Branch>
      <P Name="ZOrder">6</P>
      <P Name="Dst">122#in:2</P>
    </Branch>
  </Line>
  <Line>
    <P Name="ZOrder">7</P>
    <P Name="Src">119#out:1</P>
    <P Name="Dst">118#in:1</P>
  </Line>
  <Line>
    <P Name="ZOrder">8</P>
    <P Name="Src">115#out:1</P>
    <P Name="Dst">120#in:1</P>
  </Line>
  <Line>
    <P Name="ZOrder">9</P>
    <P Name="Src">120#out:1</P>
    <P Name="Dst">118#in:2</P>
  </Line>
  <Line>
    <P Name="ZOrder">10</P>
    <P Name="Src">116#out:1</P>
    <P Name="Dst">121#in:1</P>
  </Line>
  <Line>
    <P Name="ZOrder">11</P>
    <P Name="Src">121#out:1</P>
    <P Name="Dst">118#in:3</P>
  </Line>
  <Line>
    <P Name="ZOrder">12</P>
    <P Name="Src">117#out:1</P>
    <P Name="Dst">122#in:1</P>
  </Line>
  <Line>
    <P Name="ZOrder">13</P>
    <P Name="Src">122#out:1</P>
    <P Name="Dst">118#in:4</P>
  </Line>
  <Line>
    <P Name="ZOrder">14</P>
    <P Name="Src">118#out:1</P>
    <P Name="Dst">123#in:1</P>
  </Line>
</System>
