<?xml version="1.0" encoding="utf-8"?>
<System>
  <P Name="Location">[0, 0, 0, 0]</P>
  <Block BlockType="Inport" Name="ad{3,2}" SID="135">
    <P Name="Position">[40, 60, 60, 80]</P>
    <P Name="ZOrder">1</P>
    <P Name="PortDimensions">4</P>
    <Mask>
      <Display IconFrame="off">e = 0.06;c1 = [120 230 180]/255;c2 = ([120 230 180]+0)/(256+128);c3 = ([120 230 180]+128)/(256+128);patch([0 1 1 0],[0 0 1 1],c1);patch([0 1 1 1-e 1-e 0+e],[0 0 1 1-e 0+e 0+e],c2);patch([0 0 1 1-e 0+e 0+e],[0 1 1 1-e 1-e 0+e],c3);plot([0 1 1 0 0],[0 0 1 1 0]);</Display>
    </Mask>
  </Block>
  <Block BlockType="Constant" Name="IW{3,2}(1,:)&apos;" SID="136">
    <P Name="Position">[140, 40, 180, 60]</P>
    <P Name="ZOrder">3</P>
    <P Name="Value">[-0.64343483041008564526919144554995000362396240234375;-0.63299406761986742875336631186655722558498382568359375;-2.234023462790556191492896687122993171215057373046875;-4.2723375187970358268785275868140161037445068359375]</P>
    <Mask>
      <Display IconFrame="off">e = 0.06;c1 = [120 150 230]/255;c2 = ([120 150 230]+0)/383;c3 = ([120 150 230]+128)/383;patch([0 1 1 0],[0 0 1 1],c1);patch([0 1 1 1-e 1-e 0+e],[0 0 1 1-e 0+e 0+e],c2);patch([0 0 1 1-e 0+e 0+e],[0 1 1 1-e 1-e 0+e],c3);plot([0 1 1 0 0],[0 0 1 1 0]);disp(&apos;weights&apos;);</Display>
    </Mask>
  </Block>
  <Block BlockType="Mux" Name="Mux" SID="137">
    <PortCounts in="1" out="1"/>
    <P Name="Position">[340, 60, 380, 80]</P>
    <P Name="ZOrder">4</P>
    <P Name="Inputs">1</P>
    <Mask>
      <Display IconFrame="off">e = 0.06;c1 = [120 150 230]/255;c2 = ([120 150 230]+0)/383;c3 = ([120 150 230]+128)/383;patch([0 1 1 0],[0 0 1 1],c1);patch([0 1 1 1-e 1-e 0+e],[0 0 1 1-e 0+e 0+e],c2);patch([0 0 1 1-e 0+e 0+e],[0 1 1 1-e 1-e 0+e],c3);plot([0 1 1 0 0],[0 0 1 1 0]);disp(&apos;Mux&apos;);</Display>
    </Mask>
  </Block>
  <Block BlockType="Reference" Name="dotprod1" SID="138">
    <PortCounts in="2" out="1"/>
    <P Name="Position">[240, 40, 260, 80]</P>
    <P Name="ZOrder">2</P>
    <P Name="LibraryVersion">12.0</P>
    <P Name="SourceBlock">neural/Weight Functions/dotprod</P>
    <P Name="SourceType">DOTPROD</P>
    <InstanceData>
      <P Name="RTWMemSecFuncInitTerm">Inherit from model</P>
      <P Name="RTWMemSecFuncExecute">Inherit from model</P>
      <P Name="RTWMemSecDataConstants">Inherit from model</P>
      <P Name="RTWMemSecDataInternal">Inherit from model</P>
      <P Name="RTWMemSecDataParameters">Inherit from model</P>
      <P Name="ContentPreviewEnabled">off</P>
    </InstanceData>
  </Block>
  <Block BlockType="Outport" Name="lz{3,2}" SID="139">
    <P Name="Position">[420, 60, 440, 80]</P>
    <P Name="ZOrder">5</P>
    <Mask>
      <Display IconFrame="off">e = 0.06;c1 = [120 230 180]/255;c2 = ([120 230 180]+0)/(256+128);c3 = ([120 230 180]+128)/(256+128);patch([0 1 1 0],[0 0 1 1],c1);patch([0 1 1 1-e 1-e 0+e],[0 0 1 1-e 0+e 0+e],c2);patch([0 0 1 1-e 0+e 0+e],[0 1 1 1-e 1-e 0+e],c3);plot([0 1 1 0 0],[0 0 1 1 0]);</Display>
    </Mask>
  </Block>
  <Line>
    <P Name="ZOrder">1</P>
    <P Name="Src">136#out:1</P>
    <P Name="Dst">138#in:1</P>
  </Line>
  <Line>
    <P Name="ZOrder">2</P>
    <P Name="Src">135#out:1</P>
    <P Name="Dst">138#in:2</P>
  </Line>
  <Line>
    <P Name="ZOrder">3</P>
    <P Name="Src">138#out:1</P>
    <P Name="Dst">137#in:1</P>
  </Line>
  <Line>
    <P Name="ZOrder">4</P>
    <P Name="Src">137#out:1</P>
    <P Name="Dst">139#in:1</P>
  </Line>
</System>
