<?xml version="1.0" encoding="utf-8"?>
<System>
  <P Name="Location">[0, 0, 0, 0]</P>
  <Block BlockType="Inport" Name="a{2} " SID="129">
    <P Name="Position">[20, 20, 60, 60]</P>
    <P Name="ZOrder">4</P>
    <P Name="PortDimensions">4</P>
    <Mask>
      <Display IconFrame="off">e = 0.06;c1 = [120 230 180]/255;c2 = ([120 230 180]+0)/(256+128);c3 = ([120 230 180]+128)/(256+128);patch([0 1 1 0],[0 0 1 1],c1);patch([0 1 1 1-e 1-e 0+e],[0 0 1 1-e 0+e 0+e],c2);patch([0 0 1 1-e 0+e 0+e],[0 1 1 1-e 1-e 0+e],c3);plot([0 1 1 0 0],[0 0 1 1 0]);</Display>
    </Mask>
  </Block>
  <Block BlockType="SubSystem" Name="Delays 1" SID="130">
    <PortCounts in="1" out="1"/>
    <P Name="Position">[100, 40, 140, 80]</P>
    <P Name="ZOrder">5</P>
    <P Name="ContentPreviewEnabled">on</P>
    <Mask>
      <Display IconFrame="off">e = 0.06;c1 = [120 150 230]/255;c2 = ([120 150 230]+0)/383;c3 = ([120 150 230]+128)/383;patch([0 1 1 0],[0 0 1 1],c1);patch([0 1 1 1-e 1-e 0+e],[0 0 1 1-e 0+e 0+e],c2);patch([0 0 1 1-e 0+e 0+e],[0 1 1 1-e 1-e 0+e],c3);plot([0 1 1 0 0],[0 0 1 1 0]);disp(&apos;0&apos;);</Display>
    </Mask>
    <System Ref="system_130"/>
  </Block>
  <Block BlockType="SubSystem" Name="LW{3,2}" SID="134">
    <PortCounts in="1" out="1"/>
    <P Name="Position">[180, 40, 220, 80]</P>
    <P Name="ZOrder">6</P>
    <P Name="ContentPreviewEnabled">on</P>
    <Mask>
      <Display IconFrame="off">e = 0.06;c1 = [120 150 230]/255;c2 = ([120 150 230]+0)/383;c3 = ([120 150 230]+128)/383;patch([0 1 1 0],[0 0 1 1],c1);patch([0 1 1 1-e 1-e 0+e],[0 0 1 1-e 0+e 0+e],c2);patch([0 0 1 1-e 0+e 0+e],[0 1 1 1-e 1-e 0+e],c3);plot([0 1 1 0 0],[0 0 1 1 0]);disp(&apos;W&apos;);</Display>
    </Mask>
    <System Ref="system_134"/>
  </Block>
  <Block BlockType="Constant" Name="b{3}" SID="140">
    <P Name="Position">[180, 100, 220, 140]</P>
    <P Name="ZOrder">7</P>
    <P Name="Value">-1.5018943502319743732442702821572311222553253173828125</P>
    <Mask>
      <Display IconFrame="off">e = 0.06;c1 = [120 150 230]/255;c2 = ([120 150 230]+0)/383;c3 = ([120 150 230]+128)/383;patch([0 1 1 0],[0 0 1 1],c1);patch([0 1 1 1-e 1-e 0+e],[0 0 1 1-e 0+e 0+e],c2);patch([0 0 1 1-e 0+e 0+e],[0 1 1 1-e 1-e 0+e],c3);plot([0 1 1 0 0],[0 0 1 1 0]);disp(&apos;b&apos;);</Display>
    </Mask>
  </Block>
  <Block BlockType="Reference" Name="logsig" SID="141">
    <PortCounts in="1" out="1"/>
    <P Name="Position">[340, 70, 380, 110]</P>
    <P Name="ZOrder">2</P>
    <P Name="LibraryVersion">12.0</P>
    <P Name="SourceBlock">neural/Transfer Functions/logsig</P>
    <P Name="SourceType">LOGSIG</P>
    <InstanceData>
      <P Name="RTWMemSecFuncInitTerm">Inherit from model</P>
      <P Name="RTWMemSecFuncExecute">Inherit from model</P>
      <P Name="RTWMemSecDataConstants">Inherit from model</P>
      <P Name="RTWMemSecDataInternal">Inherit from model</P>
      <P Name="RTWMemSecDataParameters">Inherit from model</P>
      <P Name="ContentPreviewEnabled">off</P>
    </InstanceData>
  </Block>
  <Block BlockType="Sum" Name="netsum" SID="142">
    <PortCounts in="2" out="1"/>
    <P Name="Position">[260, 70, 300, 110]</P>
    <P Name="ZOrder">3</P>
    <P Name="IconShape">rectangular</P>
    <P Name="Inputs">2</P>
    <P Name="OutDataTypeStr">Inherit: Same as first input</P>
    <P Name="InputSameDT">on</P>
    <P Name="SaturateOnIntegerOverflow">on</P>
    <Mask>
      <Display IconFrame="off">e = 0.06;c1 = [120 150 230]/255;c2 = ([120 150 230]+0)/383;c3 = ([120 150 230]+128)/383;patch([0 1 1 0],[0 0 1 1],c1);patch([0 1 1 1-e 1-e 0+e],[0 0 1 1-e 0+e 0+e],c2);patch([0 0 1 1-e 0+e 0+e],[0 1 1 1-e 1-e 0+e],c3);plot([0 1 1 0 0],[0 0 1 1 0]);disp(&apos;+&apos;);</Display>
    </Mask>
  </Block>
  <Block BlockType="Outport" Name="a{3}" SID="143">
    <P Name="Position">[420, 70, 460, 110]</P>
    <P Name="ZOrder">1</P>
    <P Name="InitialOutput">0</P>
    <Mask>
      <Display IconFrame="off">e = 0.06;c1 = [120 230 180]/255;c2 = ([120 230 180]+0)/(256+128);c3 = ([120 230 180]+128)/(256+128);patch([0 1 1 0],[0 0 1 1],c1);patch([0 1 1 1-e 1-e 0+e],[0 0 1 1-e 0+e 0+e],c2);patch([0 0 1 1-e 0+e 0+e],[0 1 1 1-e 1-e 0+e],c3);plot([0 1 1 0 0],[0 0 1 1 0]);</Display>
    </Mask>
  </Block>
  <Line>
    <P Name="ZOrder">1</P>
    <P Name="Src">129#out:1</P>
    <P Name="Dst">130#in:1</P>
  </Line>
  <Line>
    <P Name="ZOrder">2</P>
    <P Name="Src">130#out:1</P>
    <P Name="Dst">134#in:1</P>
  </Line>
  <Line>
    <P Name="ZOrder">3</P>
    <P Name="Src">134#out:1</P>
    <P Name="Dst">142#in:1</P>
  </Line>
  <Line>
    <P Name="ZOrder">4</P>
    <P Name="Src">140#out:1</P>
    <P Name="Dst">142#in:2</P>
  </Line>
  <Line>
    <P Name="ZOrder">5</P>
    <P Name="Src">142#out:1</P>
    <P Name="Dst">141#in:1</P>
  </Line>
  <Line>
    <P Name="ZOrder">6</P>
    <P Name="Src">141#out:1</P>
    <P Name="Dst">143#in:1</P>
  </Line>
</System>
