<?xml version="1.0" encoding="utf-8"?>
<System>
  <P Name="Location">[960, 0, 2003, 1032]</P>
  <P Name="Open">on</P>
  <P Name="ZoomFactor">50</P>
  <P Name="ReportName">simulink-default.rpt</P>
  <P Name="SIDHighWatermark">178</P>
  <Block BlockType="SubSystem" Name="DNN_Subsystem" SID="173">
    <PortCounts in="1" out="1"/>
    <P Name="Position">[245, 243, 445, 437]</P>
    <P Name="ZOrder">277</P>
    <P Name="ContentPreviewEnabled">on</P>
    <PortProperties>
      <Port Type="out" Index="1">
        <P Name="Name">yhdl</P>
        <P Name="PropagatedSignals">yprd</P>
      </Port>
    </PortProperties>
    <System Ref="system_173"/>
  </Block>
  <Block BlockType="Reference" Name="DNN_Subsystem_FPGA" SID="176">
    <PortCounts in="8" out="1"/>
    <P Name="Position">[245, 479, 445, 711]</P>
    <P Name="ZOrder">278</P>
    <P Name="LibraryVersion">21.0</P>
    <P Name="UserDataPersistent">on</P>
    <P Name="UserData" Ref="bdmxdata:UserData_176"/>
    <P Name="SourceBlock">fillib/FPGA-in-the-Loop (FIL)</P>
    <P Name="SourceType">FPGA-in-the-Loop (FIL)</P>
    <InstanceData>
      <P Name="MultithreadedSim">auto</P>
      <P Name="ForceInterfaceUpdate">0.11704</P>
    </InstanceData>
    <PortProperties>
      <Port Type="out" Index="1">
        <P Name="Name">yfpga</P>
      </Port>
    </PortProperties>
  </Block>
  <Block BlockType="DataTypeConversion" Name="Data Type Conversion" SID="169">
    <P Name="Position">[135, 78, 210, 112]</P>
    <P Name="ZOrder">273</P>
    <P Name="OutDataTypeStr">double</P>
    <P Name="RndMeth">Floor</P>
    <P Name="SaturateOnIntegerOverflow">off</P>
  </Block>
  <Block BlockType="SubSystem" Name="Deep Neural Network" SID="82">
    <PortCounts in="1" out="1"/>
    <P Name="Position">[275, 25, 415, 165]</P>
    <P Name="ZOrder">10</P>
    <P Name="ContentPreviewEnabled">on</P>
    <Mask>
      <Display IconFrame="off">e = 0.06;c1 = [120 150 230]/255;c2 = ([120 150 230]+0)/383;c3 = ([120 150 230]+128)/383;patch([0 1 1 0],[0 0 1 1],c1);patch([0 1 1 1-e 1-e 0+e],[0 0 1 1-e 0+e 0+e],c2);patch([0 0 1 1-e 0+e 0+e],[0 1 1 1-e 1-e 0+e],c3);plot([0 1 1 0 0],[0 0 1 1 0]);fprintf(&apos;NNET&apos;);port_label(&apos;input&apos;,1,&apos; Input&apos;);port_label(&apos;output&apos;,1,&apos;Output &apos;);</Display>
      <Description>Feed-Forward Neural Network</Description>
    </Mask>
    <System Ref="system_82"/>
  </Block>
  <Block BlockType="Demux" Name="Demux" SID="177">
    <PortCounts in="1" out="8"/>
    <P Name="Position">[135, 478, 175, 712]</P>
    <P Name="ZOrder">279</P>
    <P Name="Outputs">8</P>
  </Block>
  <Block BlockType="SubSystem" Name="Prediction " SID="78">
    <PortCounts in="1" out="1"/>
    <P Name="Position">[500, 72, 570, 118]</P>
    <P Name="ZOrder">6</P>
    <P Name="ErrorFcn">Stateflow.Translate.translate</P>
    <P Name="PermitHierarchicalResolution">ExplicitOnly</P>
    <P Name="TreatAsAtomicUnit">on</P>
    <P Name="SFBlockType">MATLAB Function</P>
    <P Name="ContentPreviewEnabled">on</P>
    <PortProperties>
      <Port Type="out" Index="1">
        <P Name="Name">ysim</P>
        <P Name="PropagatedSignals">y</P>
      </Port>
    </PortProperties>
    <System Ref="system_78"/>
  </Block>
  <Block BlockType="Scope" Name="Scope1" SID="170">
    <PortCounts in="3"/>
    <P Name="Position">[695, 281, 745, 359]</P>
    <P Name="ZOrder">274</P>
    <P Name="ScopeSpecificationString">Simulink.scopes.TimeScopeBlockCfg(&apos;CurrentConfiguration&apos;, extmgr.ConfigurationSet(extmgr.Configuration(&apos;Core&apos;,&apos;General UI&apos;,true),extmgr.Configuration(&apos;Core&apos;,&apos;Source UI&apos;,true),extmgr.Configuration(&apos;Sources&apos;,&apos;WiredSimulink&apos;,true,&apos;DataLoggingVariableName&apos;,&apos;ScopeData2&apos;),extmgr.Configuration(&apos;Visuals&apos;,&apos;Time Domain&apos;,true,&apos;SerializedDisplays&apos;,{struct(&apos;MinYLimReal&apos;,&apos;-0.125&apos;,&apos;MaxYLimReal&apos;,&apos;1.125&apos;,&apos;YLabelReal&apos;,&apos;&apos;,&apos;MinYLimMag&apos;,&apos;0.00000&apos;,&apos;MaxYLimMag&apos;,&apos;1.125&apos;,&apos;LegendVisibility&apos;,&apos;off&apos;,&apos;XGrid&apos;,true,&apos;YGrid&apos;,true,&apos;PlotMagPhase&apos;,false,&apos;AxesColor&apos;,[0 0 0],&apos;AxesTickColor&apos;,[0.686274509803922 0.686274509803922 0.686274509803922],&apos;ColorOrder&apos;,[1 0.909803921568627 0.392156862745098;0.149019607843137 0.549019607843137 0.866666666666667;0.96078431372549 0.466666666666667 0.16078431372549;0.286274509803922 0.858823529411765 0.250980392156863;0.752941176470588 0.36078431372549 0.984313725490196;0.423529411764706 0.956862745098039 1;0.949019607843137 0.403921568627451 0.772549019607843],&apos;Title&apos;,&apos;%&lt;SignalLabel&gt;&apos;,&apos;LinePropertiesCache&apos;,{{}},&apos;UserDefinedChannelNames&apos;,{{}},&apos;NumLines&apos;,1,&apos;LineNames&apos;,{{&apos;ysim&apos;}},&apos;ShowContent&apos;,true,&apos;Placement&apos;,1),struct(&apos;MinYLimReal&apos;,&apos;-0.125&apos;,&apos;MaxYLimReal&apos;,&apos;1.125&apos;,&apos;YLabelReal&apos;,&apos;&apos;,&apos;MinYLimMag&apos;,&apos;0.00000&apos;,&apos;MaxYLimMag&apos;,&apos;1.125&apos;,&apos;LegendVisibility&apos;,&apos;off&apos;,&apos;XGrid&apos;,true,&apos;YGrid&apos;,true,&apos;PlotMagPhase&apos;,false,&apos;AxesColor&apos;,[0 0 0],&apos;AxesTickColor&apos;,[0.686274509803922 0.686274509803922 0.686274509803922],&apos;ColorOrder&apos;,[1 0.909803921568627 0.392156862745098;0.149019607843137 0.549019607843137 0.866666666666667;0.96078431372549 0.466666666666667 0.16078431372549;0.286274509803922 0.858823529411765 0.250980392156863;0.752941176470588 0.36078431372549 0.984313725490196;0.423529411764706 0.956862745098039 1;0.949019607843137 0.403921568627451 0.772549019607843],&apos;Title&apos;,&apos;%&lt;SignalLabel&gt;&apos;,&apos;LinePropertiesCache&apos;,{{struct(&apos;Color&apos;,[1 0 1],&apos;LineStyle&apos;,&apos;-&apos;,&apos;LineWidth&apos;,0.75,&apos;Marker&apos;,&apos;none&apos;,&apos;Visible&apos;,&apos;on&apos;),struct(&apos;Color&apos;,[0 1 0],&apos;LineStyle&apos;,&apos;-&apos;,&apos;LineWidth&apos;,0.75,&apos;Marker&apos;,&apos;none&apos;,&apos;Visible&apos;,&apos;on&apos;)}},&apos;UserDefinedChannelNames&apos;,{{}},&apos;NumLines&apos;,2,&apos;LineNames&apos;,{{&apos;yhdl&apos;,&apos;yfpga&apos;}},&apos;ShowContent&apos;,true,&apos;Placement&apos;,2)},&apos;DisplayPropertyDefaults&apos;,struct(&apos;YLabelReal&apos;,&apos;&apos;,&apos;LegendVisibility&apos;,&apos;off&apos;,&apos;XGrid&apos;,true,&apos;YGrid&apos;,true,&apos;PlotMagPhase&apos;,false,&apos;AxesColor&apos;,[0 0 0],&apos;AxesTickColor&apos;,[0.686274509803922 0.686274509803922 0.686274509803922],&apos;ColorOrder&apos;,[0.0745098039215686 0.623529411764706 1;1 0.411764705882353 0.16078431372549;1 1 0.0666666666666667;0.717647058823529 0.274509803921569 1;0.392156862745098 0.831372549019608 0.0745098039215686;0.0588235294117647 1 1;1 0.0745098039215686 0.650980392156863]),&apos;DisplayLayoutDimensions&apos;,[2 1]),extmgr.Configuration(&apos;Tools&apos;,&apos;Plot Navigation&apos;,true),extmgr.Configuration(&apos;Tools&apos;,&apos;Measurements&apos;,true,&apos;Version&apos;,&apos;2024a&apos;)),&apos;Version&apos;,&apos;2024a&apos;,&apos;Position&apos;,[1 49 1920 955],&apos;VisibleAtModelOpen&apos;,&apos;on&apos;)</P>
    <P Name="NumInputPorts">3</P>
    <P Name="Floating">off</P>
  </Block>
  <Block BlockType="Reference" Name="Signal From&#xA;Workspace" SID="77">
    <PortCounts out="1"/>
    <P Name="Position">[-95, 78, -40, 112]</P>
    <P Name="ZOrder">5</P>
    <P Name="HideAutomaticName">off</P>
    <P Name="LibraryVersion">9.19</P>
    <P Name="SourceBlock">dspsrcs4/Signal From
Workspace</P>
    <P Name="SourceType">Signal From Workspace</P>
    <InstanceData>
      <P Name="RTWMemSecFuncInitTerm">Inherit from model</P>
      <P Name="RTWMemSecFuncExecute">Inherit from model</P>
      <P Name="RTWMemSecDataConstants">Inherit from model</P>
      <P Name="RTWMemSecDataInternal">Inherit from model</P>
      <P Name="RTWMemSecDataParameters">Inherit from model</P>
      <P Name="ContentPreviewEnabled">on</P>
      <P Name="X">XTestf</P>
      <P Name="Ts">0.1</P>
      <P Name="nsamps">1</P>
      <P Name="OutputAfterFinalValue">Setting to zero</P>
      <P Name="ignoreOrWarnInputAndFrameLengths">off</P>
      <P Name="OutputFrames">off</P>
    </InstanceData>
  </Block>
  <Block BlockType="ToWorkspace" Name="To Workspace" SID="80">
    <PortCounts in="1"/>
    <P Name="Position">[655, 80, 745, 110]</P>
    <P Name="ZOrder">8</P>
    <P Name="VariableName">y2</P>
    <P Name="MaxDataPoints">inf</P>
    <P Name="Save2DSignal">2-D array (concatenate along first dimension)</P>
    <P Name="FixptAsFi">on</P>
    <P Name="SampleTime">-1</P>
  </Block>
  <Block BlockType="ToWorkspace" Name="To Workspace1" SID="172">
    <PortCounts in="1"/>
    <P Name="Position">[500, 285, 590, 315]</P>
    <P Name="ZOrder">276</P>
    <P Name="VariableName">y1</P>
    <P Name="MaxDataPoints">inf</P>
    <P Name="Save2DSignal">2-D array (concatenate along first dimension)</P>
    <P Name="FixptAsFi">on</P>
    <P Name="SampleTime">-1</P>
  </Block>
  <Block BlockType="ToWorkspace" Name="To Workspace2" SID="178">
    <PortCounts in="1"/>
    <P Name="Position">[610, 475, 700, 505]</P>
    <P Name="ZOrder">280</P>
    <P Name="VariableName">y3</P>
    <P Name="MaxDataPoints">inf</P>
    <P Name="Save2DSignal">2-D array (concatenate along first dimension)</P>
    <P Name="FixptAsFi">on</P>
    <P Name="SampleTime">-1</P>
  </Block>
  <Block BlockType="Math" Name="Transpose" SID="166">
    <PortCounts in="1" out="1"/>
    <P Name="Position">[5, 79, 35, 111]</P>
    <P Name="ZOrder">270</P>
    <P Name="Operator">transpose</P>
  </Block>
  <Line>
    <P Name="ZOrder">12</P>
    <P Name="Src">77#out:1</P>
    <P Name="Dst">166#in:1</P>
  </Line>
  <Line>
    <P Name="ZOrder">13</P>
    <P Name="Src">82#out:1</P>
    <P Name="Dst">78#in:1</P>
  </Line>
  <Line>
    <P Name="ZOrder">29</P>
    <P Name="Src">166#out:1</P>
    <P Name="Points">[41, 0]</P>
    <Branch>
      <P Name="ZOrder">61</P>
      <P Name="Points">[0, 245]</P>
      <Branch>
        <P Name="ZOrder">72</P>
        <P Name="Points">[0, 255]</P>
        <P Name="Dst">177#in:1</P>
      </Branch>
      <Branch>
        <P Name="ZOrder">71</P>
        <P Name="Dst">173#in:1</P>
      </Branch>
    </Branch>
    <Branch>
      <P Name="ZOrder">16</P>
      <P Name="Dst">169#in:1</P>
    </Branch>
  </Line>
  <Line>
    <P Name="ZOrder">31</P>
    <P Name="Src">169#out:1</P>
    <P Name="Dst">82#in:1</P>
  </Line>
  <Line>
    <P Name="Name">ysim</P>
    <P Name="ZOrder">7</P>
    <P Name="Src">78#out:1</P>
    <P Name="Points">[38, 0]</P>
    <Branch>
      <P Name="ZOrder">60</P>
      <P Name="Labels">[1, 1]</P>
      <P Name="Points">[0, 200]</P>
      <P Name="Dst">170#in:1</P>
    </Branch>
    <Branch>
      <P Name="ZOrder">40</P>
      <P Name="Dst">80#in:1</P>
    </Branch>
  </Line>
  <Line>
    <P Name="Name">yhdl</P>
    <P Name="ZOrder">47</P>
    <P Name="Src">173#out:1</P>
    <P Name="Points">[26, 0; 0, -20]</P>
    <Branch>
      <P Name="ZOrder">81</P>
      <P Name="Dst">170#in:2</P>
    </Branch>
    <Branch>
      <P Name="ZOrder">80</P>
      <P Name="Labels">[1, 1]</P>
      <P Name="Points">[0, -20]</P>
      <P Name="Dst">172#in:1</P>
    </Branch>
  </Line>
  <Line>
    <P Name="ZOrder">62</P>
    <P Name="Src">177#out:1</P>
    <P Name="Dst">176#in:1</P>
  </Line>
  <Line>
    <P Name="ZOrder">64</P>
    <P Name="Src">177#out:2</P>
    <P Name="Dst">176#in:2</P>
  </Line>
  <Line>
    <P Name="ZOrder">65</P>
    <P Name="Src">177#out:3</P>
    <P Name="Dst">176#in:3</P>
  </Line>
  <Line>
    <P Name="ZOrder">66</P>
    <P Name="Src">177#out:4</P>
    <P Name="Dst">176#in:4</P>
  </Line>
  <Line>
    <P Name="ZOrder">67</P>
    <P Name="Src">177#out:5</P>
    <P Name="Dst">176#in:5</P>
  </Line>
  <Line>
    <P Name="ZOrder">68</P>
    <P Name="Src">177#out:6</P>
    <P Name="Dst">176#in:6</P>
  </Line>
  <Line>
    <P Name="ZOrder">69</P>
    <P Name="Src">177#out:7</P>
    <P Name="Dst">176#in:7</P>
  </Line>
  <Line>
    <P Name="ZOrder">70</P>
    <P Name="Src">177#out:8</P>
    <P Name="Dst">176#in:8</P>
  </Line>
  <Line>
    <P Name="Name">yfpga</P>
    <P Name="ZOrder">76</P>
    <P Name="Src">176#out:1</P>
    <P Name="Points">[120, 0; 0, -105]</P>
    <Branch>
      <P Name="ZOrder">79</P>
      <P Name="Dst">178#in:1</P>
    </Branch>
    <Branch>
      <P Name="ZOrder">78</P>
      <P Name="Labels">[1, 1]</P>
      <P Name="Points">[0, -145]</P>
      <P Name="Dst">170#in:3</P>
    </Branch>
  </Line>
</System>
