<?xml version="1.0" encoding="utf-8"?>
<System>
  <P Name="Location">[32, 15, 1423, 1078]</P>
  <P Name="Open">on</P>
  <P Name="ReportName">simulink-default.rpt</P>
  <P Name="SIDHighWatermark">2</P>
  <Block BlockType="Reference" Name="DNN_Subsystem" SID="1">
    <PortCounts in="8" out="1"/>
    <P Name="Position">[55, 30, 160, 270]</P>
    <P Name="ZOrder">1</P>
    <P Name="LibraryVersion">21.0</P>
    <P Name="UserDataPersistent">on</P>
    <P Name="UserData" Ref="bdmxdata:UserData_1"/>
    <P Name="SourceBlock">fillib/FPGA-in-the-Loop (FIL)</P>
    <P Name="SourceType">FPGA-in-the-Loop (FIL)</P>
    <InstanceData>
      <P Name="MultithreadedSim">auto</P>
      <P Name="ForceInterfaceUpdate">0.43782</P>
    </InstanceData>
  </Block>
  <Annotation SID="2">
    <P Name="Name">Follow these steps to perform FPGA-in-the-Loop simulation:

1. Drag this block into a Simulink model.
2. Connect all inputs and outputs.
3. Open the block mask to optionally change:
    - output sample times, data types, and frame size
    - HDL overclocking factor
    Usually the mask defaults will work in your model without modification.
4. Attach the FPGA development board to your host computer (FPGA 
    programming cable and Gigabit Ethernet cable).
5. Set the host IP address (see product documentation).
6. Open the block mask and click Load to download the FPGA programming file.

See the product documentation for more detailed instructions and
troubleshooting tips.</P>
    <P Name="Position">[45, 310, 542, 552]</P>
    <P Name="InternalMargins">[0, 0, 0, 0]</P>
    <P Name="DropShadow">on</P>
    <P Name="ZOrder">-1</P>
    <P Name="FontSize">14</P>
  </Annotation>
</System>
