<?xml version="1.0" encoding="utf-8"?>
<GraphicalInterface>
  <P Name="NumRootInports">0</P>
  <P Name="NumRootOutports">0</P>
  <P Name="ParameterArgumentNames"/>
  <P Name="NumModelReferences">0</P>
  <P Name="NumTestPointedSignals">0</P>
  <P Name="NumProvidedFunctions">0</P>
  <P Name="NumRequiredFunctions">0</P>
  <P Name="NumResetEvents">0</P>
  <P Name="HasInitializeEvent">0</P>
  <P Name="HasTerminateEvent">0</P>
  <P Name="NumDataStoreReferences">0</P>
  <P Name="PreCompExecutionDomainType">Unset</P>
  <P Name="UseModelRefSolver">0</P>
  <P Name="SolverName">VariableStepAuto</P>
  <P Name="IsExportFunctionModel">0</P>
  <P Name="SimulinkSubDomainType">Simulink</P>
  <P Name="NumParameterArguments">0</P>
  <P Name="NumExternalFileReferences">7</P>
  <ExternalFileReference>
    <P Name="Reference">dspsrcs4/Signal From
Workspace</P>
    <P Name="Path">$bdroot/Signal From Workspace</P>
    <P Name="SID">60</P>
    <P Name="Type">LIBRARY_BLOCK</P>
  </ExternalFileReference>
  <ExternalFileReference>
    <P Name="Reference">dspsrcs4/Signal From
Workspace</P>
    <P Name="Path">$bdroot/Signal From Workspace1</P>
    <P Name="SID">61</P>
    <P Name="Type">LIBRARY_BLOCK</P>
  </ExternalFileReference>
  <ExternalFileReference>
    <P Name="Reference">dspsrcs4/Signal From
Workspace</P>
    <P Name="Path">$bdroot/Signal From Workspace2</P>
    <P Name="SID">62</P>
    <P Name="Type">LIBRARY_BLOCK</P>
  </ExternalFileReference>
  <ExternalFileReference>
    <P Name="Reference">dspsrcs4/Signal From
Workspace</P>
    <P Name="Path">$bdroot/Signal From Workspace3</P>
    <P Name="SID">63</P>
    <P Name="Type">LIBRARY_BLOCK</P>
  </ExternalFileReference>
  <ExternalFileReference>
    <P Name="Reference">dspsrcs4/Signal From
Workspace</P>
    <P Name="Path">$bdroot/Signal From Workspace4</P>
    <P Name="SID">64</P>
    <P Name="Type">LIBRARY_BLOCK</P>
  </ExternalFileReference>
  <ExternalFileReference>
    <P Name="Reference">dspsrcs4/Signal From
Workspace</P>
    <P Name="Path">$bdroot/Signal From Workspace5</P>
    <P Name="SID">65</P>
    <P Name="Type">LIBRARY_BLOCK</P>
  </ExternalFileReference>
  <ExternalFileReference>
    <P Name="Reference">dspsrcs4/Signal From
Workspace</P>
    <P Name="Path">$bdroot/Signal From Workspace6</P>
    <P Name="SID">66</P>
    <P Name="Type">LIBRARY_BLOCK</P>
  </ExternalFileReference>
  <P Name="OrderedModelArguments">1</P>
</GraphicalInterface>
