<?xml version="1.0" encoding="UTF-8"?>
<sltp_editor version="1.1" packageUris="http://schema.mathworks.com/mf0/DiagramEditor/R2019a_20181107 http://schema.mathworks.com/mf0/SltpSyntax/R2023b_202303220000">
  <diagram.editor.model.Diagram type="diagram.editor.model.Diagram" uuid="da107a7e-9854-40cf-8ce0-3a63a54c2710">
    <syntaxElement type="sltp.mm.syntax.Graph" uuid="5c7e120a-efdf-4a37-b901-2688c56ecdb9"/>
    <title>Default</title>
    <type>graph.Graph</type>
  </diagram.editor.model.Diagram>
  <sltp.mm.syntax.Context type="sltp.mm.syntax.Context" uuid="a94cbd84-4da2-4a33-8469-636cc5e68e7b">
    <rootGraph type="sltp.mm.syntax.Graph" uuid="5c7e120a-efdf-4a37-b901-2688c56ecdb9">
      <priorityDirection>HighNumberFirst</priorityDirection>
      <title>Default</title>
      <diagramElement type="diagram.editor.model.Diagram" uuid="da107a7e-9854-40cf-8ce0-3a63a54c2710"/>
    </rootGraph>
  </sltp.mm.syntax.Context>
</sltp_editor>