<?xml version="1.0" encoding="utf-8"?>
<Stateflow>
  <machine id="8">
    <P Name="sfVersion">80000101</P>
    <Children>
      <target id="51" name="sfun">
        <P Name="description">Default Simulink S-Function Target.</P>
      </target>
      <target id="52" name="slhdlc">
        <P Name="codeFlags"> comments=1 emitdescriptions=1</P>
      </target>
      <chart Ref="chart_9"/>
      <chart Ref="chart_18"/>
      <chart Ref="chart_25"/>
      <chart Ref="chart_34"/>
      <chart Ref="chart_43"/>
    </Children>
  </machine>
  <instance id="17">
    <P Name="machine">8</P>
    <P Name="name">DNN_Subsystem/Hidden_Layer1</P>
    <P Name="chart">9</P>
  </instance>
  <instance id="24">
    <P Name="machine">8</P>
    <P Name="name">Prediction </P>
    <P Name="chart">18</P>
  </instance>
  <instance id="33">
    <P Name="machine">8</P>
    <P Name="name">DNN_Subsystem/Hidden_Layer2</P>
    <P Name="chart">25</P>
  </instance>
  <instance id="42">
    <P Name="machine">8</P>
    <P Name="name">DNN_Subsystem/OutputLayer</P>
    <P Name="chart">34</P>
  </instance>
  <instance id="50">
    <P Name="machine">8</P>
    <P Name="name">DNN_Subsystem/BinaryPrediction</P>
    <P Name="chart">43</P>
  </instance>
</Stateflow>
